{
  "config": {
    "epochs": 5,
    "batch_size": 12,
    "encoder_lr": 1e-05,
    "decoder_lr": 0.0001,
    "warmup_steps": 500,
    "total_steps": 19830
  },
  "epochs": [
    {
      "epoch": 1,
      "train_loss": 0.157967,
      "epoch_time_s": 2547.7,
      "lr_encoder": 9.304717864807065e-06,
      "lr_decoder": 9.23518965128776e-05,
      "abs_rel": 0.215521,
      "sq_rel": 0.186593,
      "rmse": 0.745302,
      "rmse_log": 0.244584,
      "silog": 0.22744,
      "d1": 65.608275,
      "d2": 94.383121,
      "d3": 98.800647,
      "pred_mean": 3.087844,
      "pred_std": 1.435755,
      "pred_med": 2.782744,
      "gt_mean": 2.737032,
      "gt_std": 1.346061,
      "ratio_mean": 1.159893,
      "ratio_med": 1.145699,
      "pred_cv": 0.46497,
      "within_2x": 98.935634,
      "log_depth_mean": 1.025129,
      "log_depth_std": 0.453951,
      "intra_std_mean": 1.065603,
      "intra_std_min": 0.130472,
      "optimal_scale": 0.872829,
      "abs_rel_scaled": 0.149327,
      "scale_improvement_pct": 30.713408,
      "n_nan": 0,
      "n_inf": 0,
      "absrel_0-2m": 0.265951,
      "d1_0-2m": 57.115871,
      "absrel_2-5m": 0.195003,
      "d1_2-5m": 69.066852,
      "absrel_5-10m": 0.158861,
      "d1_5-10m": 75.118828
    },
    {
      "epoch": 2,
      "train_loss": 0.107269,
      "epoch_time_s": 7096.7,
      "lr_encoder": 7.0975103322773415e-06,
      "lr_decoder": 6.807261365504401e-05,
      "abs_rel": 0.203515,
      "sq_rel": 0.162971,
      "rmse": 0.70033,
      "rmse_log": 0.233682,
      "silog": 0.217721,
      "d1": 68.949491,
      "d2": 95.058054,
      "d3": 98.970276,
      "pred_mean": 3.056182,
      "pred_std": 1.401958,
      "pred_med": 2.739601,
      "gt_mean": 2.740143,
      "gt_std": 1.341385,
      "ratio_mean": 1.149606,
      "ratio_med": 1.140659,
      "pred_cv": 0.458729,
      "within_2x": 99.104071,
      "log_depth_mean": 1.019883,
      "log_depth_std": 0.440563,
      "intra_std_mean": 1.008317,
      "intra_std_min": 0.141908,
      "optimal_scale": 0.876685,
      "abs_rel_scaled": 0.139869,
      "scale_improvement_pct": 31.273453,
      "n_nan": 0,
      "n_inf": 0,
      "absrel_0-2m": 0.268704,
      "d1_0-2m": 56.259584,
      "absrel_2-5m": 0.173712,
      "d1_2-5m": 75.052869,
      "absrel_5-10m": 0.165477,
      "d1_5-10m": 73.490429
    }
  ]
}